timestamp,step,qpos_0,qpos_1,qpos_2,qpos_3,qpos_4,qpos_5,qpos_6,qpos_7,qpos_8,qpos_9,qpos_10,qpos_11,qpos_12,qpos_13,qpos_14,qpos_15,qpos_16,qpos_17,qpos_18,qpos_19,qpos_20,qpos_21,qpos_22,qpos_23,qpos_24
1756099169.134563,1,0.00020214067578181043,-2.6102450082336796e-05,1.3995504769691594,0.9999994256676338,-0.00018649792036870018,-0.001055313929787714,1.397990846038753e-05,-0.0007332559542728429,-0.0003733999840956402,0.0020978815831069154,-0.006550035358043843,-0.004480395168633082,-0.0008102830685690118,-0.007052433964700225,1.0486875324789324e-06,0.001289787904613759,0.006925332376388251,0.006723954223485484,0.0009619363084102587,-0.0002050486688618389,0.0002764341107137542,0.004767248118694905,0.00044068579574060076,-0.000363025297820248,0.004036356296668655
1756099169.2368572,2,0.0004466416693564235,-0.00022146725430655556,1.3981273815016027,0.9999971614560167,-0.0011346775629301842,-0.002093543523970711,8.162261055806305e-05,-0.0024495994086309327,-0.0016882204309580167,0.0021183677021247307,-0.014351487255760369,-0.015211739634365793,-0.0015570508665676873,-0.035103245892508586,-0.005308407533903828,0.0009760701418267894,0.01671007309548751,0.019857420242414107,0.0028721472781200333,-0.00021226688480200512,0.009508346871400302,0.009037757638704891,0.0019151754044282499,0.0004518859364612291,0.01006752858632112
1756099169.339469,3,0.0006775055676009642,-0.0005191510000886414,1.3956281974916809,0.9999937972375708,-0.002182412086460826,-0.0026903873999911884,0.0006359084107675748,-0.005225288458753029,-0.002517260969399433,-0.009476493095163912,-0.02503902868112864,-0.02765821044838807,-0.002059870190795279,-0.06914731765630756,-0.01600810871868505,-0.005278732357843298,0.031095137148637302,0.03467956843930155,0.003935233111361155,0.0006665514689530606,0.026592373091905066,0.007780186436906562,0.010459010354770308,0.0036135811961339947,0.0137819130334957
1756099169.4424691,4,0.0014309403255573206,-0.0010174896679834703,1.3921333526602828,0.9999711290530711,-0.004019263011633592,-0.00628401321556279,0.0014483656569555285,-0.008387080761673675,-0.0027354327841614423,-0.021448224478126336,-0.047646833060261864,-0.04223619723993967,-0.005654051165969868,-0.09532604973299687,-0.026749410441509785,-0.007973047268154905,0.06308700608683879,0.05189716530472567,0.004614030233185069,0.003944365841633951,0.048003984983239475,0.018781726531007334,0.027004337389141535,0.007065280294861977,0.01665996313135987
1756099169.5446951,5,0.002786132961300549,-0.0014853234070320187,1.387551502276124,0.9998928130258296,-0.0058091561114864175,-0.013304154724004145,0.0019014814344261743,-0.01198176509741759,-0.0028257098085829446,-0.029254173009291274,-0.08341166482406534,-0.058916528021555246,-0.009006234911406912,-0.11471576906017886,-0.0376858937628644,-0.016648496634620705,0.1108606417149618,0.07845826326777022,0.006423722607164454,0.007058695596797688,0.07479927032225797,0.048133409203967935,0.04574513085445488,0.00915094047486463,0.019653944929878077
1756099169.6475341,6,0.004423534531192211,-0.0014859202076245076,1.3816166949666733,0.9997575866316797,-0.005348003035567054,-0.0212045300754622,0.0025563137932900926,-0.016841177295277208,-0.002469343419950844,-0.043575691106507095,-0.13364870088350564,-0.07645748099355998,-0.0031995561298599163,-0.12430440382062644,-0.04881636930424466,-0.04041449425610672,0.17136102181203527,0.12592546351105702,0.010318167728555261,0.006876368474367614,0.09534688520282898,0.07975079648103219,0.06410216588973806,0.008934923925421168,0.021916345417606935
1756099169.7498298,7,0.0058756589117572415,-0.0015511495852759947,1.374547211280815,0.9996054837270026,-0.005228790216946597,-0.0273323357727507,0.0038052696327176465,-0.023046073884505226,-0.0015671136394872173,-0.05603929195563395,-0.18558146929789796,-0.09485099489899924,0.007962935282079624,-0.1255044761112445,-0.06088307938787625,-0.05533070777805341,0.23161754483816205,0.187600729951594,0.01729457434082283,0.008003900446764372,0.1100840728369052,0.10043648389915752,0.08061940829189296,0.006357292100392099,0.025130129138042384
1756099169.851736,8,0.007192407722274869,-0.0016865906685109612,1.3664788604140397,0.9994518804826324,-0.005215128075543629,-0.032327421984349736,0.004866089470124704,-0.03014924870779461,0.00048751347121788087,-0.0694884873574701,-0.24145214004869675,-0.11977355413115734,0.018250147534305202,-0.12134392666811245,-0.07387229520013414,-0.0628479301742822,0.2860051597079336,0.25487870292018233,0.027526398613789013,0.01073614463667583,0.11879427327615937,0.11928710148108894,0.09745028071756871,0.00042877812657134823,0.030390458621187888
1756099169.9536378,9,0.008603517790537238,-0.001656524703725614,1.3572829916990672,0.9992667589831309,-0.0038476585088958407,-0.03767983269036703,0.005600903835468698,-0.03698987927146202,0.002883315345597482,-0.09232480630254813,-0.31063608384823155,-0.15288367295304311,0.02568218841590313,-0.11790529679118585,-0.08673198057983589,-0.07463878132700293,0.3407023364358325,0.32526700411126874,0.040353297208146045,0.013422376504180152,0.1199551619628858,0.142798274342334,0.11512924972229059,-0.008949608821982112,0.03512221348663133
1756099170.0560908,10,0.010046391003959019,-0.001848411001925595,1.3470740726711896,0.9990364922490955,-0.002709270653953854,-0.04332020975995062,0.00648894702554179,-0.04417357967147003,0.005238483086059343,-0.12033286393874404,-0.38092830090299334,-0.18740670063555293,0.019529403600839677,-0.10580166446384592,-0.09946550409494248,-0.08160612149234579,0.39651067051429134,0.3949750138216854,0.053597259266429775,0.016761573790102662,0.12050632018220428,0.16780144578044787,0.1328596022453857,-0.019202704874397167,0.039495745642611345
1756099170.1583161,11,0.011361298319503057,-0.002164956147338345,1.3359797808701022,0.9988210886109534,-0.001543302415164288,-0.04797447015804412,0.007245783376565245,-0.051473914773375914,0.007624431690828919,-0.15294978255906366,-0.4495880020656168,-0.22158707843171976,0.0020661454460232757,-0.08143014698011922,-0.11207544787625415,-0.08368980313387725,0.44505730630327955,0.4627240262594115,0.06768872546378352,0.021084261969782456,0.11756388598008433,0.19323222470364568,0.15742014822857817,-0.02872930661162075,0.0431754631894538
1756099170.260662,12,0.012258687680420778,-0.0021905405887816414,1.324013321524619,0.9987416538766258,0.0008520149972755042,-0.04961158540235606,0.007285154500161618,-0.05885103268499175,0.01019006380022079,-0.19156951920193924,-0.5209181317508446,-0.2575645869997982,-0.008691976486408081,-0.0558201898779941,-0.12538066369830533,-0.09250325013858074,0.4749714332190938,0.5272222190767907,0.08349773283827847,0.027365681492563465,0.10834224678846602,0.212368876847576,0.19008118790063083,-0.0388397984570289,0.04849970020871188
1756099170.362864,13,0.013025494200241272,-0.0018529512123169572,1.3110795620594595,0.9987157571285248,0.0049086971128956035,-0.04997388879065856,0.0067343592857984505,-0.06670029627309164,0.012477600071838763,-0.2327737672696433,-0.5852001967408319,-0.29843125630118195,-0.020180640316275048,-0.03143475988618751,-0.13937021963338678,-0.11065545914741577,0.4955942560608318,0.5899248244893612,0.10147501459777619,0.03497813623696255,0.09138220118178168,0.2331428550652931,0.23542663485624485,-0.05213038198272628,0.055820076469914603
1756099170.465333,14,0.013732967922170741,-0.0012046923190066447,1.2971110249095048,0.9986959529725838,0.010118571477566004,-0.049650795882942536,0.006229485984124359,-0.07488566324557223,0.013636500260637173,-0.26980408493161606,-0.638636388272168,-0.3419993245716904,-0.031181507053763876,-0.01206894892622322,-0.1532198129524457,-0.13376838772940602,0.5137680927865265,0.6522293483587538,0.12102464892144073,0.04391293617143761,0.06702382091364821,0.2533847881768065,0.29061065574500233,-0.0678973259143887,0.06367349457769982
1756099170.567583,15,0.01408799560860954,-0.00029517369800856634,1.2821293123778918,0.9987449876433444,0.01618930483188229,-0.04706345474088843,0.005602436452892812,-0.08355792086901112,0.013921943274275471,-0.30428576096043924,-0.6891066136777909,-0.38684904923212177,-0.03624395254170749,0.0007366259355350637,-0.16693119162659542,-0.1617170633059095,0.5232653927289275,0.7197134573972609,0.1374659381219276,0.0533491616101653,0.03751787373534124,0.26282419654703687,0.3442701634535682,-0.0845596818504784,0.07377242272205162
1756099170.6700659,16,0.014208360680460707,0.000269159340495867,1.2662173932463767,0.9988361049575978,0.02105730698856272,-0.043145167024370414,0.004638945781457116,-0.09309528304063866,0.013354617307187048,-0.3397715028248011,-0.7295640279317279,-0.4329631365362935,-0.0531233173378062,0.021243555941179354,-0.18050843786623236,-0.18390156440060929,0.5252031456742575,0.791871860214978,0.15166207520061226,0.06175915645537478,0.014869944048100102,0.2681095998151865,0.3975736560532469,-0.10143575243199773,0.08619121213681567
1756099170.7737951,17,0.014282647981790424,0.0003540198555336714,1.2492904864204208,0.9989474374233762,0.0238013136046676,-0.038992837972829764,0.00413198775246897,-0.10350423525943032,0.012911411856110118,-0.37236123513679353,-0.7519855179710401,-0.4786224238892565,-0.07298186230975752,0.05088245653677251,-0.19395270660035924,-0.19458492893549648,0.5285691768969409,0.8638871759684739,0.16585464247105028,0.06707150844671922,0.0022236463605782375,0.27022407564979084,0.45389063940404667,-0.11762792301047509,0.10338023319616287
1756099170.875871,18,0.014309395366777033,-0.00014666171651226916,1.2312343485593622,0.9991161031067933,0.024072406844902083,-0.034233869325867014,0.003946382187298636,-0.11448382267170831,0.012983709541153623,-0.40550627746012036,-0.7624591039242186,-0.5238302692890273,-0.09177497811956048,0.08180625085719766,-0.20840569368065395,-0.1931542346555727,0.5328116725526697,0.9390977256125307,0.17831948509364515,0.0694529308010541,0.0027648524199065244,0.2688262714635541,0.5173703408272332,-0.13341457337010396,0.12167378446632117
1756099170.978053,19,0.014260533539953347,-0.0014460719517601405,1.2121357706417994,0.9993532982652352,0.02109698274576578,-0.028914494649995598,0.0034430458254184233,-0.12577892802584048,0.012272261161468503,-0.4404677810681252,-0.7644088560423901,-0.5695145607893818,-0.11232554261902095,0.12210469331240453,-0.22576191525419068,-0.17525257899595822,0.5329070988303002,1.018349503140864,0.1912424372771278,0.07151855378058578,0.020727088336257925,0.26747946771977976,0.5848127667043159,-0.1484825970063725,0.1379628990300923
1756099171.081414,20,0.014202140978741994,-0.0030859746283771533,1.1919469671335128,0.9995871562845081,0.016012192883711238,-0.023739971665254052,0.0023538087088694004,-0.13733661532410232,0.010044060145350272,-0.46690806077640123,-0.7643736724536375,-0.6156658372433444,-0.1228239300316178,0.16304860798080514,-0.24484582449235517,-0.14857326802424026,0.5286611836499326,1.097963741004602,0.2069220761804284,0.07141368758439012,0.05013013486075392,0.26993037854010077,0.6525740462434766,-0.16326459672366547,0.1571875618113453
1756099171.184392,21,0.01421539530376745,-0.004964963135014618,1.1705690761590208,0.9997720235756911,0.009271939933627404,-0.019217609699224574,0.0007845270443897841,-0.14993264014392788,0.007313116563634381,-0.4819321303110131,-0.7682967766678539,-0.6615486430801221,-0.1329014189826034,0.19390326668919713,-0.26373743334832667,-0.12117671082658273,0.5239989999686772,1.1763431614621147,0.2209373288643765,0.06814885712256251,0.0944718275476029,0.27674804380240603,0.7202161217175831,-0.18234674590815275,0.17819830068164186
1756099171.286678,22,0.014483142119487738,-0.007178254450032717,1.14794673600775,0.9998694601924119,0.0009252565799674126,-0.016130336065663397,-0.0001368693001118447,-0.162856589648214,0.00540899607022102,-0.4851851102809029,-0.7679102975848343,-0.7071663023418342,-0.15269307247538397,0.22301103299760058,-0.2824400751020576,-0.08522588639936071,0.53089621586269,1.2552912534887564,0.23304363988277224,0.06345539627230153,0.14863224528762264,0.2854807394053132,0.7886694706399545,-0.2039926974924662,0.19794212494799376
1756099171.389968,23,0.014854423957413395,-0.009714497675204114,1.1239937438047267,0.9998704659860047,-0.008731807641455907,-0.013520605606824228,-2.875310883925443e-06,-0.17570467620296687,0.0028029123885643017,-0.48397209570895106,-0.7623728010676687,-0.7523308740651663,-0.17567918981727462,0.25036673846271723,-0.30284553257249947,-0.03810023756636291,0.5475775862370884,1.335616111885857,0.2437006337299487,0.058473260123026144,0.2088528209141088,0.28897513165678845,0.857058812597515,-0.2226146533019121,0.21358259577791344
1756099171.492691,24,0.015222229421791258,-0.01292007767167137,1.098577617870592,0.9997290876546926,-0.020547352999890807,-0.010921810141592254,0.0005211957837612582,-0.1897551381447065,-0.0005432959048142732,-0.4880155695045218,-0.7600693940164422,-0.7984086030436717,-0.20348455498368595,0.2729519281675284,-0.32495482119053654,0.02519878074204232,0.5669302047925778,1.4161480691607984,0.2509983386019251,0.05379332688683952,0.2819112818556632,0.28834027284157954,0.9236325340543637,-0.2433646455274087,0.2239190271037889
1756099171.594923,25,0.015496356495255749,-0.01692712740135704,1.0713384176106193,0.9993392139440151,-0.03546527632994852,-0.007807093234214248,0.0015488524238886816,-0.20465667421092096,-0.003412840818069753,-0.49392399573050566,-0.7503073843963877,-0.8453883705700962,-0.2268933637800543,0.2928435018824544,-0.3510104527668973,0.10844774735752319,0.5870040128379266,1.4964020312583113,0.2618548748248704,0.04854225920292008,0.37485170526353534,0.2801473251311908,0.9895970618468809,-0.2649659396717288,0.23174941604486438
1756099171.69753,26,0.015468854706965648,-0.019601416220883374,1.0433000703791633,0.9989858970971403,-0.044627299319404096,-0.0036064794572981188,0.004751301127336897,-0.21913951195418624,-0.005602498131254809,-0.4996048043274795,-0.7380807064513121,-0.8919012405148493,-0.23199136219909425,0.30268443398288514,-0.38190414553441104,0.18094348021807125,0.606540960984588,1.5791394903200993,0.2818729102795884,0.04395719393453815,0.42224739506283465,0.25781937602296073,1.0545484938151615,-0.2819210824468287,0.2378135376963233
1756099171.799925,27,0.015314953343894535,-0.021022307343104712,1.0146339658521295,0.998789243220543,-0.04831638832555735,0.000728559583816603,0.009221900402962762,-0.23422762276079806,-0.007358974508989209,-0.5072183102050499,-0.7321269045534642,-0.9379497803904928,-0.22760470873633407,0.3063581453711862,-0.4134567420574502,0.2389558553914374,0.6262350536584727,1.6668444765483648,0.3068324016362467,0.03923380534571731,0.4286254938506928,0.2304716025658572,1.1193202869576242,-0.29608939163587866,0.24356740009799652
1756099171.902308,28,0.015087358061290338,-0.021981482148552375,0.9849321502026996,0.9986298436739929,-0.05016202472246364,0.005155986569608043,0.013986507851995195,-0.24969479332864541,-0.009436352730967806,-0.5143896711805975,-0.7329752486941917,-0.9853779439907752,-0.21384116083475468,0.30862476637126124,-0.4446951591539771,0.29598073969968935,0.6418943644417937,1.7575189595669725,0.3316189614801557,0.033299971383738323,0.4190026686774652,0.2027203662080312,1.1851526955891662,-0.31041660976502017,0.25239273418592506
1756099172.005753,29,0.014793915628426925,-0.022574623220150535,0.9542274478230399,0.9984736844844592,-0.05108142490874649,0.009540011115070288,0.018707688506213304,-0.26489224687545043,-0.011934481477312204,-0.513923805991861,-0.7355777718941203,-1.0341670315784934,-0.19052436796379912,0.30600165636747834,-0.47592328141116935,0.3556152950307048,0.649810250117112,1.8494465406166374,0.3560586559758413,0.028670565508725928,0.3982288883151382,0.17803737202308798,1.251620239888916,-0.32571454481766976,0.2639601810781293
1756099172.109239,30,0.014545952776898113,-0.021854319494766652,0.9229320801685703,0.9984321289247727,-0.04909017956561351,0.013922003340499992,0.02301338792853466,-0.28045243188317853,-0.015597226562691543,-0.5031056119567854,-0.7336471690434233,-1.0830350358008174,-0.17467452372169318,0.31182822486749406,-0.5077333691460681,0.3848983336096054,0.6559159020238053,1.942338250593289,0.3845151128340833,0.02419365504376956,0.3649036559138143,0.15400496044789222,1.3217995905297075,-0.3373251219850931,0.2768273417111473
1756099172.21162,31,0.01428869710621406,-0.020074467691017697,0.8908398356590224,0.9984471114359393,-0.04497608972559581,0.018769066360068497,0.026985906806995887,-0.29621552119210104,-0.02107125124541946,-0.4848646166760336,-0.7305993714831903,-1.1354740859370112,-0.16146793135191276,0.31855039882222674,-0.5407269073262378,0.3893305614778827,0.6571426552195475,2.043189846790473,0.41603052125537854,0.019911232124542873,0.3212706962501628,0.12885288417709162,1.3959384808236581,-0.3466092324259898,0.2909535713500645
1756099172.3140538,32,0.014115627491754332,-0.017856599116060093,0.8577548610416507,0.9984482813012691,-0.040500980856307676,0.02337324657805336,0.030238906405837495,-0.31223644134290407,-0.02711817626902104,-0.4601430352913429,-0.7214663069918794,-1.1908766313819603,-0.137096182532526,0.3188423404236251,-0.5742990050899603,0.3834015482377308,0.6506510498275021,2.151944089674854,0.44548523090625386,0.016984893452485033,0.27522336448964096,0.10924761869935676,1.4703369333174736,-0.3579036423382258,0.30870921428599984
1756099172.416589,33,0.013920225816503849,-0.015625759124900527,0.8237180653729566,0.9983831007903862,-0.03657308306768144,0.02828902331863852,0.03306546250660973,-0.328257337571815,-0.03336434721532782,-0.4303471286792252,-0.7103053144830673,-1.24572875160519,-0.11097108726568398,0.3230264043831375,-0.6075381990890516,0.3759907504230471,0.6344143555366639,2.2619824877603665,0.4723579533522668,0.014988703819759266,0.23193251460603803,0.08862624238747273,1.5437641402450704,-0.3712953008209125,0.33011568710938394
1756099172.518817,34,0.013915699813507092,-0.013502297322185067,0.7885959574578729,0.9982767052746185,-0.03333408420810962,0.032784826765888495,0.03546284915217941,-0.3445681496413337,-0.03972876818415569,-0.3971766279204206,-0.7036555812323054,-1.302688209003269,-0.08736733542368502,0.3256396914096916,-0.6404462745306925,0.36900693082486097,0.6170891529663588,2.376222098560507,0.4987959792078299,0.014616662969602156,0.19399820763481773,0.0680220091392661,1.6162687004720224,-0.383473120733044,0.35096771517025876
1756099172.622549,1,5.653116147274821e-05,-6.629214095474178e-05,1.3995417360743965,0.9999998379522615,-0.00032567026811707717,-0.0003173259607790163,0.00034254716728926253,-0.00024267461487904575,0.00048136815646948865,0.0015620930769984962,-0.002337706507354373,-0.002057926983636012,-0.0006568479152299092,0.00916953089752912,-0.006880889335098006,-0.003008183414046562,0.006316750202246,0.002349975275462948,0.0040428559630217445,-0.0020016992325031496,0.00608023283780292,-0.0029802779445517557,-0.0006676288606682929,-0.003676768374718782,-0.0007001976878239452
1756099172.725684,2,-4.5234775060710146e-05,-0.0005621169932578169,1.3981071642927647,0.9999958617641561,-0.0027032879548786574,0.00046731413129359484,0.000866202227265188,-0.000661006106755364,0.0015037788748966045,0.004535011492385124,-0.0013217223084191691,-0.006148322544009745,-0.0003189560115252989,0.028194579002606433,-0.020579146104528913,0.0005008095811166196,0.011152383826857296,0.005960260034515143,0.012091738601314881,-0.00510073357839309,0.02511168528983663,-0.013736213232107603,-0.0012658944511404796,-0.010811003421973633,-0.0026705771929579794
1756099172.829121,3,-0.00037165768622526846,-0.0011292787720080114,1.3957209697039281,0.9999774553027879,-0.005930479945546068,0.0028642244799761372,0.001309393716319444,-0.0006225986442289681,0.002424855778912007,0.019590642462977,0.009213858622429499,-0.013148542143889387,0.004160531893032914,0.04576206475786409,-0.03726884623268116,0.0038290793344460785,0.009021135293636264,0.01130308648526044,0.022111379005210118,-0.006528649848444021,0.05112271380865446,-0.030958331407930414,-0.0013081830950890884,-0.018140503798359693,-0.006668267983163748
1756099172.931732,4,-0.000554149339249625,-0.0014595377560499485,1.3924956412128402,0.9999519012897485,-0.008432579593339712,0.004744708530850477,0.0016045090763809424,-0.00041491536828445677,0.0035179642648566507,0.05227282532695763,0.021957375041585545,-0.023017311458358822,0.004089652988202539,0.05214490987531607,-0.05998631328424818,-0.0010806962922328333,0.01045010146643102,0.024804115413002613,0.035385218087685105,-0.006117374892687351,0.07747065396675211,-0.04403241775146814,-0.00014915497538705563,-0.02561019839758903,-0.011858885669266633
1756099173.034133,5,-0.0006284009108620152,-0.0020584573646405,1.388305701495711,0.9999044333561665,-0.012178764720180561,0.006384063692900899,0.0014302361130237857,-0.0007003482712970782,0.0054772547784322076,0.09177952337535397,0.02939761855717004,-0.03363539628973176,-6.13052783540864e-05,0.04886070736074936,-0.08688237095096886,-0.0026444610878131147,0.012358888889046004,0.04709774531427469,0.0499607034674575,-0.00439279892143698,0.11231286486916013,-0.05193156834566086,0.002273491699750397,-0.03372269187600149,-0.014397699265458724
1756099173.136496,6,-0.0007308698338794986,-0.00314697172193061,1.3828892887395772,0.9997909730333322,-0.0184697078197522,0.008605753348507014,0.0016796259763412387,-0.0008630753796506163,0.009014683847409546,0.1336342139644061,0.03564339903101373,-0.04499379769660649,0.0013375913233019383,0.04735194579210006,-0.11481786164084894,0.003206623055993847,0.018045171183263032,0.07470029973875193,0.06732588110280711,-0.0022921746492116455,0.16340076172536572,-0.0661930938008601,0.0068170606450041775,-0.04272446588910317,-0.013424043555832063
1756099173.239381,7,-0.0008463564913494009,-0.004513701084771825,1.3761552320199046,0.9995865226928276,-0.02633415037347486,0.011363930727114628,0.002038934378011209,-0.001615255697398327,0.012859081930481827,0.17113895417951475,0.043730237476310926,-0.057019454706506593,0.01285466707152547,0.04956796961758162,-0.14247649524624217,0.01686237652015855,0.024605553377569485,0.10825911158778657,0.08945691650388575,0.0016237294478869894,0.22140879355732151,-0.08278879377314681,0.0145319763887559,-0.05708014819272857,-0.012730706690721818
1756099173.34126,8,-0.0008097816357082794,-0.005782510250737677,1.368216970469663,0.9993351046194852,-0.033700102951929364,0.013817491485601479,0.0016518671971913524,-0.0037114758124361076,0.016004666913442742,0.20463484876162652,0.053864889877758775,-0.07791074559611796,0.02661659875780119,0.05877206927379946,-0.17095826296132086,0.02723083297643702,0.03182291553501442,0.15513984417626236,0.11382504956085614,0.004802593840791323,0.27861292774931623,-0.09166805291586021,0.023917254452081833,-0.07797683363079344,-0.013376828676825754
1756099173.443421,9,-0.0002753475768053428,-0.006966650639038915,1.35914105750577,0.9990767593093911,-0.0407506437111701,0.013544116682779198,0.0012533747456727955,-0.0063198822603954844,0.01882501366231192,0.24343186784242146,0.0809322836873067,-0.10677739224869627,0.03852599604762579,0.07006091336020583,-0.20024919352928114,0.03369936311791367,0.05644461524864039,0.21439121418123258,0.13897197371047612,0.007225335438114695,0.3366602057200729,-0.08943297356169494,0.0339056092516589,-0.10051318510962606,-0.013166101594210167
1756099173.5462341,10,0.0004555791137525273,-0.008014167531947818,1.3492915181779457,0.9988295006669282,-0.04686179919723795,0.011949963625372203,0.0008937241209809565,-0.00983291806747544,0.021555389410107255,0.28470642851748074,0.12457249561304,-0.13713882404748928,0.04928818395756848,0.07981386766529244,-0.22924782970604668,0.04644822179767631,0.08603713778908277,0.2750463130516255,0.16200499009408267,0.00871469561854977,0.3797508772389956,-0.07999124876121533,0.044637759493614766,-0.12828556470309047,-0.012534942925305223
1756099173.647913,11,0.0011251107865869487,-0.00851423418955588,1.3391739943084007,0.9987155678686508,-0.049525346218308154,0.01067304761539425,0.0007352777395907785,-0.014175383911316276,0.02390318075816902,0.3293529917011171,0.16189882050127963,-0.16896999123198006,0.05279243838535554,0.08818465348477757,-0.258663409540722,0.060360182142605405,0.1101912116266523,0.33368071042341857,0.1826020102681486,0.007049312448481051,0.38977804023979484,-0.06738940155242247,0.060736237732613226,-0.15992443111682597,-0.009039007031755057
1756099173.7501922,12,0.001730345791440235,-0.008616730949806113,1.3283246077832274,0.998700375220761,-0.049936815695561965,0.010189676567017974,-0.00021322185045611735,-0.01896818508371628,0.025565640332090602,0.37642319962054355,0.18771672680883958,-0.20048222714806319,0.057613227957751784,0.09738520339180098,-0.2884901322618389,0.06685710718610113,0.12563090214287095,0.3950479963450319,0.20428642507553976,0.00494088180137534,0.3859477658141434,-0.04980258650828318,0.08299566024761375,-0.1895056702204681,0.0003203111036854664
1756099173.85248,13,0.002105677945528234,-0.008248194774354383,1.3164743450148102,0.998777381739659,-0.04799614969150397,0.011535702217903981,-0.0026530952492338114,-0.023762934406893105,0.027936210126656376,0.4212960456287363,0.21122822232760233,-0.2316809957080839,0.07063852516193733,0.12005744308777393,-0.3180238574715033,0.057636321190513054,0.1236747599588453,0.45755926328941143,0.22487738714287794,0.0049143685416564095,0.37522986214229415,-0.029031252522373964,0.10742119051431158,-0.21683412258902096,0.01168628113417511
1756099173.954603,14,0.0020677834513551843,-0.007382374827556445,1.3035903473008517,0.9989148105772623,-0.04355325766623475,0.015620624608586622,-0.0053208122394745126,-0.02730086683778134,0.031147374017986253,0.4609649071062839,0.23232960340194253,-0.26310073012186824,0.08871418401934411,0.149353616270577,-0.3476746957408468,0.03409772457525047,0.10402935268585872,0.5168286086538004,0.24206080965454266,0.0076600139134677826,0.3550238819738694,-0.016215414086245782,0.1319352315283709,-0.24252987636650308,0.021367542667095937
1756099174.056322,15,0.0016703210068341832,-0.0066281063649095,1.2896069566137767,0.9989482488758453,-0.03935686308148739,0.022050098561904558,-0.008199179817321467,-0.0298198189913005,0.033486112649631375,0.49711245926604836,0.258492245961868,-0.2947388969984492,0.10920885988976414,0.17060400633507383,-0.3774367447242044,0.0179317309611446,0.07023783101979615,0.5752973461158495,0.25887872885165025,0.01136944638752521,0.3308639829029847,-0.01133056312609636,0.1561743433707931,-0.2671239095956016,0.030559160254414026
1756099174.157998,16,0.0013650306787243048,-0.005987635174758391,1.2746777893969958,0.9989219789087606,-0.03495778963412963,0.027988864375761327,-0.012225238969289062,-0.03283170539918944,0.03510168075426678,0.5379432582291946,0.3007144330475747,-0.3260653170868767,0.12812385028275064,0.18773365699980654,-0.4073429362087678,0.01164402804136665,0.03290512440994855,0.6375120925830211,0.27664884907495024,0.013714567676073233,0.2966690460908413,0.0018851175829802816,0.1821689097520772,-0.2863247856794043,0.0395347357701773
1756099174.2587788,17,0.0013417665478375725,-0.0052984642355707505,1.258746166992022,0.9989018128264449,-0.029557276122583624,0.03225281714081769,-0.016771748469839552,-0.03579138410504292,0.03756248826937449,0.5831611828092368,0.35588753242923055,-0.36016016674779716,0.14215424388005793,0.2097997190943519,-0.4373918472448936,0.008462278866488752,0.0013869656979946512,0.7032722426124897,0.2922518193191383,0.01596723510896324,0.2514354465210293,0.023812675393735785,0.20909504640905371,-0.30131366770579804,0.04822293149673844
1756099174.3619509,18,0.001364352333973798,-0.004461356992912253,1.2416039086436998,0.9988452754531595,-0.023504828416750504,0.03646470286783906,-0.02063889994065299,-0.03787749845811812,0.04019836334359373,0.6301343314127903,0.4243537446364263,-0.396986621125073,0.16205995646274182,0.24043418975496472,-0.4671436866663321,0.005790958132267573,-0.02640642142646685,0.7693059324080738,0.30304463512459295,0.018971784436933956,0.19941340360341453,0.04137770432702904,0.23743230229466414,-0.31498860528711453,0.06194955867156707
1756099174.464499,19,0.0016811628698619394,-0.003498130390111714,1.2231744371433917,0.9987889203647763,-0.017088106254683422,0.039323465588126105,-0.02413201681027872,-0.039744635354545386,0.04217896850358514,0.6769405300176963,0.4980179338235463,-0.43344736931940336,0.19419258864802036,0.2809206778787799,-0.4966010956828291,0.007412122813348029,-0.04163847618134026,0.8432000505414913,0.3076911971726782,0.021502206465925735,0.13946609405618257,0.06015223018705239,0.26747290495836135,-0.329701913020897,0.0811321552544919
1756099174.566834,20,0.0022356784366179636,-0.0027287714540246127,1.2032803577596844,0.9986911096627714,-0.011267328928720519,0.04118008092804952,-0.028165860791253636,-0.04169940449530202,0.04431376238970345,0.7283169946195849,0.5664462630695318,-0.4710133797528181,0.23168802396734411,0.3343585830522349,-0.5266342414418372,0.019242242979174515,-0.05125725975119065,0.9281691941211161,0.30795918484407253,0.024393114876483487,0.0769363657101802,0.08423792015546239,0.29777026949559604,-0.34873962125599073,0.10384858457901783
1756099174.668514,21,0.002834215091349565,-0.0017453094686981487,1.181833345518232,0.998536649311823,-0.004184128882216788,0.04333701854578135,-0.03207734200609456,-0.043554014621887266,0.047217383118347306,0.7841397120765927,0.6246399279562813,-0.50966833782955,0.27012815012088565,0.38953962350986765,-0.558056325922737,0.027797405335688707,-0.06294472391161476,1.0217181499372714,0.307842783166,0.025844058196069518,0.006592101727583227,0.10736950121306867,0.32784510899271846,-0.3654523793953217,0.12681842197892665
1756099174.7702222,22,0.003529066270650329,-0.00022453987292641653,1.1588203990432744,0.998339276433641,0.004844395757394152,0.04543186104231246,-0.0350879888556009,-0.0455483999458422,0.050294681729974415,0.8375603705279547,0.6786256645905167,-0.5517804951238983,0.312113172287091,0.43165490502330245,-0.5904528755654149,0.02367408954074204,-0.07286765041642228,1.1228005426037841,0.3108799968096548,0.025077955521099357,-0.07212765718437363,0.1277771496255477,0.356828573768435,-0.3797815248382019,0.14835904795876234
1756099174.8724742,23,0.004310090649062823,0.001379243691942078,1.1342430102706418,0.9981294284671344,0.012108803329444957,0.04732930151850434,-0.03675538229388746,-0.04783592985842514,0.05236244531064486,0.8856953600407177,0.7385486431175277,-0.5973049448678133,0.37219059352866407,0.4637623333236126,-0.6229923781167079,0.01180773828340444,-0.0854651457596415,1.2261519405939714,0.31815521469088753,0.02414090560437385,-0.13272018976687408,0.15160141183904222,0.3890068136581163,-0.3984940323476655,0.17017793160164663
1756099174.973639,24,0.005236494073528467,0.003013156263252025,1.108370203477455,0.9979448963445877,0.01795612887243278,0.04849596784692684,-0.037837843467818114,-0.05045652746836014,0.05342681440453703,0.9319165564032229,0.8034463128612616,-0.6423775179376181,0.4466506283860984,0.4873553036009568,-0.6552060375497125,-0.0019897801083469933,-0.09749096121457847,1.3291975510698852,0.3271522694606961,0.023674867612993044,-0.18251521289347838,0.17985602141691653,0.4241844043331323,-0.41868481818961817,0.19153001693447808
1756099175.075697,25,0.006055006170095745,0.004752415369501891,1.081328007074787,0.9976634501654985,0.024305557407584343,0.05034537473900245,-0.039271151311979474,-0.054273129230629914,0.05459137874484693,0.9751636452986672,0.8708065846200307,-0.6892195316068358,0.5215736354804696,0.5124660270480565,-0.6871648702502408,-0.012633053088940364,-0.11060573622626906,1.431551562829526,0.33830435427316397,0.021795418344274207,-0.23907987149884224,0.19913197253314777,0.4570271400040399,-0.43646704054594454,0.21334168194141212
1756099175.177888,26,0.00703518484141716,0.006495172546268795,1.0530021547062205,0.9973837667284206,0.030156678605580054,0.05125084584369119,-0.0411041044472685,-0.05901946037926489,0.05640856223504639,1.0117143062560576,0.934389385116488,-0.7378042118266113,0.6059994883341144,0.5489987500465354,-0.7223799144840971,-0.015371354460875324,-0.11943412706894108,1.53522442183137,0.35233408074022743,0.02043252360671227,-0.29794894451323717,0.22161823865384947,0.4943786663934449,-0.4529508373405332,0.2356130778927065
1756099175.281813,27,0.008254108818252713,0.007852332459838835,1.023353844450352,0.9971722975077124,0.034318891365659125,0.05122219880717736,-0.042964044595207626,-0.06421543600958328,0.05872022568339928,1.049960091720195,0.9924852008104411,-0.7886531558443439,0.6934888660454066,0.5807342168601166,-0.7607387156312746,-0.006515746303518008,-0.12869101958168114,1.6438899345485132,0.3670721871294198,0.021574915826053403,-0.3497659246614788,0.25287504717587117,0.5391097736988552,-0.4667610221395274,0.2584384406888896
1756099175.3843808,28,0.009521887257306282,0.009656589460896028,0.9924242967662716,0.9969166633516512,0.03912024717094448,0.0517288036513286,-0.04416903288386318,-0.07017821123236705,0.06038748077070113,1.0701976822074901,1.0490513844628069,-0.8443548889717146,0.7799080050295788,0.602656309199396,-0.798911656234218,-0.007864715580808628,-0.1428963136833194,1.758200427708746,0.38297730055861307,0.021183233992671597,-0.40254019684088677,0.28056659702873293,0.584064759536781,-0.4807096351353383,0.28263550073844707
1756099175.487068,29,0.01092084696136801,0.012201297089429654,0.960465429271306,0.9965673963389956,0.04532497502551414,0.05237159804788474,-0.045346299859648734,-0.0759132761346583,0.061674669395639814,1.0740692142555863,1.0773074790008108,-0.9072429382704557,0.8736791882635584,0.6290595404480619,-0.83917169033906,-0.023266451373107004,-0.1518647180115317,1.8779999090319826,0.3984049563176478,0.020065803352587574,-0.4632782975002989,0.2988882875604582,0.6258856923086243,-0.4981547666009722,0.30723040036180405
1756099175.6196039,30,0.012536772483595617,0.014636349574992644,0.9277044101124508,0.9962570365410349,0.05079325887998276,0.05228169601713153,-0.04646058820545515,-0.0814853550997074,0.06351351454294513,1.0643351868167517,1.0834661723641967,-0.9750131675340379,0.9636813142878458,0.6675650203870107,-0.8816028481733681,-0.03667545329258838,-0.15658384097565103,2.0004609601852437,0.41282864778171685,0.019343443388770584,-0.519815308765818,0.31720986757564384,0.6664501145209547,-0.5180723114061082,0.32892093976034564
1756099175.7283359,31,0.014333286342239493,0.017142343169288577,0.8942197914997386,0.995962068803169,0.05650279095039909,0.05124940294048438,-0.047333823196206486,-0.08753921066794494,0.06561600893014329,1.046697053424721,1.0803020077233325,-1.0437287225875744,1.0458103874220448,0.7058587192620981,-0.9269435912459395,-0.058591433502521245,-0.15740369476254354,2.121969672217973,0.4254578452480772,0.01600493345462759,-0.5757539072821923,0.337083048677448,0.7059814186643941,-0.5419851917051269,0.3488450258833011
1756099175.836193,32,0.016181492607548073,0.019749672302314118,0.860017400751096,0.9956021978134537,0.06273403547511325,0.04993683453557507,-0.048446022113205575,-0.09366597808512173,0.06810460811447167,1.0201045261646782,1.0735678735223555,-1.1129853533118141,1.1211853356377852,0.7389627455769984,-0.9748470579038183,-0.0882703619743278,-0.15413827850554804,2.2425905927301457,0.4395140743656283,0.010293203482374074,-0.6338601878266461,0.3528557828659654,0.7452657706302541,-0.5681849362717382,0.3704292760607756
1756099175.9448268,33,0.01791387507274875,0.022015931398705384,0.82532878286894,0.9952043542280883,0.06819006000089353,0.04926823515665292,-0.049910420225397774,-0.10069638636054748,0.07084480221978852,0.9835646084607341,1.0670015741373355,-1.1815530298652988,1.1823422210365881,0.7788697776943514,-1.0222754079662395,-0.11588056084411666,-0.1523558826444755,2.3617905072864263,0.45666492873718684,0.001966282037565122,-0.6848948712896112,0.3609728116716063,0.7842889530684662,-0.5948990337997263,0.3929168248634487
1756099176.0543911,34,0.019478037380057545,0.023747814934842192,0.7904332065802925,0.9947651302050405,0.0723102106285259,0.04967678109136041,-0.05240025369601433,-0.10948876103964811,0.07411481144939842,0.9493799347311889,1.061822872678697,-1.2502058341639004,1.2328141373799992,0.836268348488625,-1.0692354258067245,-0.13254319064345418,-0.14634445522199538,2.479422326745407,0.47397855309775977,-0.006404403607797426,-0.7272996803390795,0.3547990588961592,0.8235296811377169,-0.6235961091743258,0.41708930829908847
1756099176.1638489,1,-0.0002239680573001241,-0.0003149703869697075,1.3994743468573425,0.9999980513909335,-0.0012437757493882879,0.001532503063220652,-4.087275882804366e-05,-0.00043994894222899796,-0.0002240313315604331,-0.005566289807977856,-0.0028477937037076424,-4.74276150221774e-08,-0.0013005891505463941,-0.0024216797875512806,-1.4031354616134777e-07,0.0029012590465190193,-0.006663130367908361,-0.0003278350292092798,-0.0004572292365021633,-0.0012175236775039473,0.009591509139556323,-0.006343517381748098,0.0014920568976048384,-0.0012409260529723696,-0.0004201277825472234
1756099176.2724302,2,-0.0005539235546452769,-0.0009033381078633465,1.3979857275585184,0.999983721253672,-0.003998479811100007,0.004064400416674568,-0.00022368753151566636,-0.002205295781059636,-0.0005192030171906733,-0.005359291818378519,-0.007205014612362608,-2.01499494972242e-07,-4.9097516153749733e-05,-0.004237045876673443,-8.469832747192635e-07,0.010322016655202926,-0.016758468894121775,0.005673770394414707,-0.001532286544090379,-0.0034193089292053743,0.02852775982193779,-0.015179008682164315,0.0051443746023551095,-0.0018238685946922156,-0.0010571815451616878
1756099176.3807192,3,-0.00045397394844937707,-0.001686019738693708,1.3955872054182539,0.9999570819994051,-0.008299501327522477,0.004058105452533569,-0.0006958570871361029,-0.005294043102151516,-0.0009627159038463932,0.008394467658095156,-0.006881886773181892,-2.6686138218492887e-07,0.009011621939377006,-0.00632217592265303,-0.00016074362641841256,0.027217021773268887,-0.01581831952546661,0.018622163426341515,-0.0034086433137074986,-0.004305521656690151,0.05113078786009967,-0.009658623030663444,0.011288939265935001,0.0011445126835664427,-0.0022926742930202302
1756099176.489797,4,-4.001256444631046e-06,-0.002950030043202033,1.3921714119366793,0.9998818422788288,-0.015183717804247454,0.0020213673221473882,-0.0012923888290971091,-0.00993095779759415,-0.0018984687883146498,0.028516188503095813,-0.002075893057253244,-0.0007800006213696937,0.023283727147071033,-0.022103000111919888,-0.00047501057386572316,0.057905505185561326,-0.004999066781344834,0.03312778062318944,-0.006606523777599054,-0.005648565945400792,0.08373344654172926,0.006504536125232386,0.023235967087918526,0.001965925671512141,-0.002572197448430841
1756099176.599156,5,0.0005685013977114639,-0.004721827045456575,1.387636057772201,0.9996944649920488,-0.024662898101898065,-0.0003736996941792846,-0.001605761506454833,-0.01604392923447512,-0.0025235368909220916,0.05513106565693282,-0.001180350765816366,-0.004727175044078638,0.04117967053993178,-0.0504645290481887,-0.0007832557965205302,0.10550910575568166,0.013179833044825473,0.04998841582676292,-0.0095794100637472,-0.008562178409947618,0.12361064935404184,0.022087902343936386,0.042796660907545914,-0.0012079180224548276,-0.0007445064658602943
1756099176.709357,6,0.0013704482595625846,-0.006793765565718958,1.3818905863956874,0.9993523299606888,-0.0357593320355488,-0.003791797306420166,-0.0013464945976349692,-0.022870102638667178,-0.0027005412735834583,0.08761897902266688,0.0092232578070469,-0.011777998209291993,0.06273807938923368,-0.07996631080921106,-0.0010877455751192762,0.1617333029621405,0.04535047570801354,0.07049659110454536,-0.011813047497273839,-0.00911621608013317,0.16983690842513766,0.03614947414287586,0.06937086710632479,-0.003458943012896758,0.0009720923170696178
1756099176.818691,7,0.0023974663669380607,-0.00894730204522734,1.3749478127793235,0.9988278400802254,-0.04768859333588655,-0.008246425108200338,-0.0008604761769990761,-0.031104545319694817,-0.0030266688988754404,0.13410640859911396,0.03703913784318744,-0.019509568772729895,0.08283422241753807,-0.11268026871457477,-0.001388060241015488,0.21329370087255198,0.0887079187541404,0.09823677490102842,-0.015390252728687544,-0.007147093061689223,0.22795472731015098,0.05149020014092805,0.09950249372132708,-0.0037670599004169616,0.0012228251217497011
1756099176.9273322,8,0.0037637132325144085,-0.011264258875335699,1.3665403998915082,0.9980530384674138,-0.06077010166429573,-0.014037253608346558,-0.00028750792929443177,-0.04015368761088898,-0.0020618474820224063,0.1898184715310151,0.07103161399378231,-0.028108004710615003,0.10682634581078611,-0.14282447522087677,-0.0030503904170933564,0.2651016438182098,0.1475139112184704,0.14500413894747693,-0.018540945436950416,-0.005172598007629239,0.2967940535559694,0.06958363870807907,0.130897727674979,-0.0038465659326525326,0.0015300527372163416
1756099177.036874,9,0.005252203498656503,-0.013218092786402966,1.3568117141594531,0.9971827941086109,-0.07227304688071653,-0.02007396842599484,0.00034295765599755556,-0.04974272788209921,0.00020911721625660066,0.24666465345994218,0.11282360624754274,-0.04082193541630245,0.13952413247747208,-0.16204658447214992,-0.0066151916150108,0.31260305562290375,0.21135465363850053,0.2040066901357761,-0.01613679441027917,-0.003284894418853522,0.3557734915877366,0.08902673856070974,0.16414906802072587,-0.006685146283497839,0.0022804895892358733
1756099177.1460779,10,0.006891975675000094,-0.014196961729568476,1.3463909708029915,0.9964972668117583,-0.07900955859089691,-0.02738657671021235,0.0008138206575290715,-0.060816532336050985,0.002214129614783597,0.30991835041141685,0.15888656192353418,-0.05824332256450669,0.17749909013269982,-0.17662265230136973,-0.013988015801486255,0.35015051707614875,0.27809629879104286,0.2621930541977536,-0.012782605512915962,-0.002126830571547013,0.3806593322684155,0.11656730786974326,0.19841084901916992,-0.01218087305313604,0.004127864239387553
1756099177.256209,11,0.008588752874721307,-0.014188571361758833,1.335166369375794,0.9960418560498105,-0.08173352736860652,-0.03491810599061652,0.0009886226589126208,-0.07218316558797726,0.004245463181292711,0.37727104298222564,0.19183242557180585,-0.07706800803248151,0.23684540212532773,-0.19238403544743288,-0.02541738487152628,0.368611011650138,0.3464336914668159,0.31998573062456326,-0.012476396791619748,-0.0034200285621780934,0.38533629238690564,0.1461258037072644,0.23499077609359645,-0.015201994219089184,0.006048218920957589
1756099177.3658829,12,0.010246192109281752,-0.01350143821060463,1.3228432400499865,0.9957373515647309,-0.08228901986679395,-0.04164710936340187,0.00107804911341063,-0.08363385703918153,0.006267649287498057,0.4434773438272999,0.22073567372285263,-0.09825286315499089,0.32130564645870935,-0.215125119224415,-0.037581630457589395,0.3728116053281485,0.4161676153337792,0.38373335317552465,-0.010493128313701605,-0.005505269978922941,0.38159234489043314,0.17109836762317526,0.2727576618787699,-0.01898244917302921,0.008858540651017629
1756099177.476672,13,0.012299763742027616,-0.012475188925726428,1.3089534006533996,0.9953727898929363,-0.08178395520580521,-0.050436364317765096,0.0007529714823428672,-0.09580310800376843,0.009147289772054314,0.49855950412848576,0.257655148430279,-0.12355559142081178,0.41507075762374157,-0.23675462940548372,-0.049624260395014955,0.37092289969775616,0.5042531743747319,0.4555973004427785,-0.008622359054920295,-0.005488178643032023,0.3751009151893584,0.2011163273984794,0.3123833899981644,-0.022911412738245755,0.016616917502684923
1756099177.588063,14,0.01451003487642791,-0.011061296553814517,1.2935807742884866,0.9949555407515535,-0.0803877341352018,-0.06001059199197896,0.00011391735801212624,-0.10907299012743531,0.013490975965410318,0.5421282475830872,0.2852112528175967,-0.15038657249159812,0.5239349604840183,-0.2513248142973659,-0.061548358897063206,0.36718453698193687,0.5968053591203044,0.5269067391539216,-0.009156780205984585,-0.002647603849120931,0.36220631344550897,0.23726499851957086,0.3578555110242131,-0.028379411318022303,0.0290164721265863
1756099177.697247,15,0.01653821193939912,-0.009110563119453513,1.2772415665625154,0.9946141718314315,-0.0776958259997799,-0.06859935948927286,-0.00036836388185853826,-0.12315326319740613,0.018659472653061573,0.5925891658590403,0.29217140634636074,-0.1808493857946728,0.6488472890458166,-0.25786585408811646,-0.07416170747600186,0.36326125901279915,0.680296338774259,0.5959053618144264,-0.01116306521154898,0.003629062229410023,0.3353186121404227,0.27518379160879536,0.40677222728584594,-0.03796924759107353,0.04249797508854739
1756099177.806272,16,0.018236481634344322,-0.007107221349321555,1.2601136911677984,0.994325832633657,-0.07509600137714484,-0.07533830236064355,-0.0009323797323279108,-0.13790196597187054,0.0238882362932878,0.6546363251909646,0.2929225724957875,-0.21489835116542158,0.7694321762007343,-0.2595513917458539,-0.08871995006409839,0.3600513735130143,0.7505163357430248,0.6707931527105012,-0.01191328198989476,0.011605686188151831,0.3070798178303224,0.312234363699849,0.4566032093953366,-0.044023024806806525,0.056840888038437204
1756099177.915702,17,0.019683874877887857,-0.005249781228482008,1.2419923847899013,0.9940619152942791,-0.07359452170387974,-0.08013582889601213,-0.0017331658305266425,-0.15299097943535786,0.02803669611303701,0.7143824980610509,0.2979433545562162,-0.2529212102414005,0.8859159497254424,-0.25475817341787393,-0.10789746760830836,0.35752109814813166,0.8084371586509651,0.7534766021493032,-0.012363304326709698,0.020010729400877177,0.2868487249761115,0.3492703202055142,0.51425478389598,-0.04276907380642724,0.07432594134705632
1756099178.0259461,18,0.020650313551822248,-0.0036414178691843466,1.2234456151133226,0.9939417564180975,-0.07385266310495997,-0.08135240633192115,-0.002712007525651166,-0.16851029646769602,0.03173951321467455,0.7681142991356912,0.2987071134468633,-0.302268415893646,1.0001587447679574,-0.23539627012861639,-0.13110328077845404,0.355364213054519,0.8338953206014644,0.831893065782585,-0.009036694979800839,0.029019994690425946,0.27806799111165204,0.3876615187399835,0.5865073861364705,-0.03999011208348548,0.0944561810993894
1756099178.135435,19,0.02126175731420975,-0.002314513382581302,1.2042933418570767,0.9939293028906622,-0.07523234997819403,-0.08018515407225286,-0.0038698111647309853,-0.18419810293942898,0.036206752681673976,0.8239469988432314,0.29041563952907706,-0.36282851574032604,1.1060381673313198,-0.20740951503420216,-0.15480416197005245,0.3537952142942686,0.8363464827129213,0.915553447374207,-0.0009365952034944435,0.035738770723113614,0.2770913252849366,0.42903200721497264,0.6666399478652523,-0.041815272846723664,0.11596845286000318
1756099178.245266,20,0.021625586817616817,-0.00037381096057131387,1.184479110531989,0.9942169767918079,-0.0740232942673686,-0.07763622560314089,-0.005076557777031591,-0.19978067601670796,0.041305121034436225,0.8886069672016994,0.2825733373203848,-0.4270961897594332,1.2149208699125913,-0.17825705948631343,-0.18176443582739252,0.33825587569221055,0.8296588744432076,1.0071124506313827,0.006053510008118264,0.04283639365406741,0.2604832550834624,0.4685621281712137,0.7472130671285442,-0.04288188741418768,0.14198975155156685
1756099178.3548942,21,0.021759919492306486,0.002432275010609562,1.1641928597105011,0.9949031468048286,-0.06806378067072741,-0.07412578538954558,-0.006357529318913225,-0.2158759649435027,0.04681476682551022,0.9627693859444078,0.2915437476622045,-0.4932827344677681,1.3165913740092623,-0.15013356372930867,-0.2170924053383217,0.300942118436776,0.8149167913325032,1.0969517416238472,0.013302058331346131,0.051788037460848944,0.21465386818419435,0.5050934753738087,0.8268330311218014,-0.041666072557656,0.17363110434756612
1756099178.464682,22,0.021471066088352964,0.005854769033592014,1.1432654384900096,0.9959365689466392,-0.05802405417036903,-0.06849037860740484,-0.007254502784174358,-0.23212095386639092,0.05417608725361858,1.0418037160490716,0.3098628379557535,-0.5630833022339419,1.406924036502315,-0.1151741411360142,-0.2596797785149864,0.24850279684593668,0.7846938779153857,1.1844850372009648,0.020757632397029765,0.06061127706508164,0.14111925316743537,0.5330748127040386,0.9069921511517799,-0.04098243411416741,0.2054028582989112
1756099178.574027,23,0.020681409001030424,0.009323105812126566,1.1210177997928459,0.9970165981601927,-0.04800051945709325,-0.05995262013018008,-0.007715987587695077,-0.24827757911821888,0.06351134999963941,1.1019006869870178,0.3260164863029708,-0.6339079050402019,1.494310412752105,-0.07796285759327125,-0.30430920414831764,0.19321880353212312,0.7390675186484348,1.2788590276731044,0.029941108104054252,0.07082319798711816,0.06988505924080773,0.5462494587910365,0.9879037488234713,-0.03974778040690397,0.23525651026635577
1756099178.681288,24,0.019764683641306218,0.011824521621879677,1.0969281139151925,0.9978951724350352,-0.03977882536729093,-0.050595537515052656,-0.007934826199334591,-0.2640257471471064,0.07374976921068362,1.1149977954427426,0.34134350579647466,-0.7042814048748787,1.5354981539882944,-0.03338343398711383,-0.3484962030393804,0.15156159281506362,0.6860281621367671,1.3801201846125046,0.041934150669847785,0.08135616441439868,0.012435540920409013,0.5571381102366734,1.073573455401592,-0.03987672609562033,0.2620932673782033
1756099178.7892458,25,0.019033255615589474,0.013422992759065153,1.0709226047396068,0.9985369345841959,-0.032841728143659155,-0.04218768375716612,-0.008100031045722924,-0.2806306300831714,0.08532159045452163,1.1094851569323563,0.35662303511634197,-0.7795871987850611,1.5424095355526921,0.024755333231660712,-0.394161377248488,0.1321951752181069,0.6359930281582309,1.4803185274710284,0.05142892198952337,0.09175526496256858,-0.04594258154724947,0.5721687104165073,1.1677268364583717,-0.0401076302444103,0.2884423405260422
1756099178.8982038,26,0.01854944748396414,0.014124229160615261,1.0431665952881313,0.9989718121515827,-0.02734147952294604,-0.03518450023371316,-0.008355415452527187,-0.29622172873066194,0.09836361241637397,1.0916191949852923,0.3768027746449712,-0.8595066795472748,1.5201851917496823,0.09176391762722123,-0.4415839518267868,0.13105321305133227,0.5879642906933557,1.5792284163730759,0.060027819944231134,0.10135829964606162,-0.1016457466991789,0.5953729536703488,1.266159208979959,-0.0372567865372611,0.31654535017642954
1756099179.0075362,27,0.01848610885718559,0.014475106012577354,1.0137848877783393,0.9992437561374988,-0.022143615481712894,-0.030736428518133498,-0.008766303415448828,-0.31020019263740256,0.11170106481765313,1.07224825806299,0.3958255893626734,-0.9386303157737987,1.4828864494899328,0.16045798654865925,-0.48918960740462586,0.13020361690457347,0.5407967294421093,1.6762921833906375,0.07019693089216957,0.11241144511714252,-0.1554309744112359,0.6383654149907391,1.365333258640557,-0.033317852698640044,0.347818457107088
1756099179.117311,28,0.018729931920161588,0.01461844812350426,0.9829539732608757,0.9994140531449209,-0.017775999749399266,-0.027773261139753827,-0.009176610213731506,-0.32534490640267794,0.12473452332055808,1.056560195951388,0.4033015000403912,-1.0199646880772977,1.4481954885710473,0.23049531641104237,-0.5366750673197647,0.13205948936686096,0.5031529262187862,1.775307070246777,0.07508064048173767,0.12497626833553076,-0.20534324197142487,0.6840346585684778,1.4627207703265124,-0.03148574233152215,0.38427435738220805
1756099179.225835,29,0.019444474010938257,0.0141276969847864,0.9504179895674827,0.9994776571532246,-0.014801688258591612,-0.027006596173782416,-0.009796256392331884,-0.3412563329928025,0.1374038032387097,1.0324484992894027,0.4146482615699376,-1.1091577757273552,1.405984833736597,0.3032676530239471,-0.5842325912705675,0.15450725857510084,0.4775962061379518,1.8764558612092361,0.07221533394216378,0.13409202989990918,-0.25779285981123423,0.7383253138455538,1.5589237385119699,-0.03671963118874724,0.42319378061294227
1756099179.334075,30,0.020397018808546052,0.0128658036033657,0.9162358016108879,0.9994747278414619,-0.013044255962837193,-0.027750389051263622,-0.010489599616591383,-0.3573922444165484,0.15036039538588863,1.0118169330241522,0.4343310102922905,-1.2031229905624634,1.3527786629311676,0.3850028018445842,-0.6327281083213215,0.1992007521886652,0.4544341713756865,1.9764115544375682,0.06949450406989743,0.13915353053908158,-0.3155716883629578,0.8023163853556009,1.6542687005150298,-0.048678641320308136,0.4612484137869252
1756099179.443584,31,0.020640879574527784,0.01062137758666794,0.8819467081410426,0.9995365113372402,-0.013781964605576487,-0.024860880094033453,-0.010897550015535138,-0.37551766074613957,0.1642628930448444,0.9945036296548765,0.45120054553394134,-1.2961538163298891,1.284079683286449,0.4785398961682277,-0.6842023409421438,0.2588397053020325,0.4211949345219,2.0747799591779175,0.07980223890588325,0.14671588126624704,-0.3455594443346362,0.8305707720734435,1.747286829027241,-0.06311830744222784,0.49943347806182037
1756099179.5531561,32,0.020615683827439037,0.007425913884227553,0.8473247694038102,0.9996014045250114,-0.016502742704988884,-0.020071480262112303,-0.011037537539071187,-0.3954770698400365,0.1782225162985569,0.9673078430811312,0.4632991979042314,-1.388258734409344,1.190533392367594,0.5722237955314838,-0.7377502960000543,0.33401540413345127,0.38640941306794363,2.17411399457789,0.09879521568491165,0.1606242281445761,-0.3479398316849691,0.8339696078803917,1.8408585260206498,-0.08161008199708823,0.5390699319868508
1756099179.6625578,33,0.020676124006900283,0.004403938457044371,0.8121665854262288,0.9996654685889584,-0.017616865617700855,-0.015509399517846498,-0.010865334013424717,-0.41650781007483595,0.19150919689251716,0.9278564528385533,0.4753976557780702,-1.4831145469503964,1.0707541834092484,0.6818924305986666,-0.7917808024317557,0.3971055900558249,0.35685369663118316,2.2745148286730115,0.1185234148860935,0.17721645604076275,-0.34986864545544893,0.827551867092316,1.9338362138687493,-0.10318370996518539,0.5572150983414597
1756099179.772032,34,0.020588452422711886,0.0027116213146535966,0.7775037670564213,0.9997722551628734,-0.01555544627471463,-0.010134911393723686,-0.010523757350848956,-0.4379982580098617,0.20404115636168735,0.878367996026916,0.49260175239081716,-1.581398936173844,0.9483655909437286,0.8166664036991055,-0.8478971267624595,0.41183236761898245,0.33115014940142445,2.3737997939720965,0.14077392984918974,0.19322503762636972,-0.35186328214211315,0.7981880267904758,2.02359636811563,-0.12139838450926521,0.5586387714387516
1756099179.88146,1,0.00011968505949603205,8.414951290092447e-05,1.3995053039889032,0.9999996929091959,0.00018758287046033662,-0.0007404085298095077,-0.0001754690561888829,2.3785992035943755e-05,0.00016576860453109898,0.0017576444040245914,-0.00516916896263656,-0.0010922871241491547,0.004867291930711614,-0.00041810052057284614,-0.0005893153836597272,0.000772890297763789,0.000968901447610658,-0.00022228254775766632,-0.00017637146207128638,0.0009286134231804977,-0.0031069585961110762,0.005880892451229719,0.0010869755527618305,-0.0015225140768016475,-6.693664950936663e-05
1756099179.9904819,2,0.00035510071975706483,0.0001674077981248054,1.3981990597130929,0.9999986461581611,0.0002886270641519757,-0.0015137235493646857,-0.0005770764929338533,-0.00043349602200381057,0.000496953717462934,0.01563749036027528,-0.016620126193632335,-0.003262425912781385,0.0011829580463009889,-0.006564753772077886,-0.003483236773379904,0.00036612281109018555,0.003014970641816844,0.011751449752778777,0.0013035834275258796,0.0009733125250948205,-0.0044092858144611745,0.01663404146589645,0.006327937612283817,-0.004838969278297733,-0.0011686644866514596
1756099180.099735,3,0.0005474682112474001,0.0003079759793783625,1.3960835140130639,0.9999988327104564,0.00028885199009636445,-0.0012852214788656897,-0.0007741756923007617,-0.0015646790855310666,0.0009718701924661197,0.04784067341732921,-0.03872573455616081,-0.005409088628825396,-0.00655325447668242,-0.018377476288655666,-0.008735808920459174,-0.005770820545598851,0.006742121775695048,0.03666929161831342,0.003573827964729261,-0.0032502031830738765,3.853193474501827e-05,0.022489923052887568,0.014786735180927076,-0.008685875094233731,-0.004151739275272067
1756099180.207817,4,0.0007659384975016641,0.0004773165315323191,1.3930453286329334,0.999999726336192,0.0002618697001893059,-0.0006134479130421263,-0.00032005227513960894,-0.002772418696091489,0.002366189798240959,0.08816651141805174,-0.06841358586058591,-0.007532958738963176,-0.01265080632298472,-0.021288879377901884,-0.014606037673223849,-0.008669565783313392,0.020193746265232158,0.07340195752000714,0.007579909549363865,-0.00851823783496932,0.0009130755501208668,0.019419429628244667,0.025281189666970662,-0.01076251233959405,-0.008625044829978732
1756099180.318203,5,0.0012349287310126577,0.0008027694303934371,1.3891419617504217,0.9999986224316499,0.0012636319614821453,-0.0009099893241626592,0.0005747073150038219,-0.0033974054639260096,0.0036781303931442935,0.1362171893809644,-0.09517089239979448,-0.009635946508999979,-0.03054846339704711,-0.011293315796899349,-0.021418666087131676,-0.013296582851037856,0.04700133624468298,0.12270605623255419,0.012148698655147923,-0.01110683254844929,-0.005784698927907218,0.01667758354571336,0.038121416213297045,-0.01424591392736248,-0.015653007658667034
1756099180.4282181,6,0.002460078430890798,0.0014350307509612972,1.3843233654788507,0.9999727814617911,0.0040259114526505786,-0.006076490671633365,0.0011422056125983428,-0.004217194634875365,0.003523985003594276,0.19145998395126762,-0.12004781810962249,-0.012551399142599753,-0.058982737172998304,0.0007878326115226717,-0.029156947781494445,-0.028040648604875592,0.09128366820982636,0.17338905443551864,0.013364882232932094,-0.013597573861745952,-0.01857154450587935,0.041795613395525136,0.056712901936655076,-0.022572885395418518,-0.023976227706561805
1756099180.5392158,7,0.0044804014405614686,0.0021381849318047584,1.3782180727623554,0.9998379963803379,0.00763786141185142,-0.01622693648634853,0.0015266301033557968,-0.006453232659020987,0.0036410246196681233,0.23741484441948246,-0.1403852359450132,-0.022626628017474604,-0.08879134878757586,0.008796396522302746,-0.03861266859094418,-0.04811929571982959,0.15862909234863629,0.23425183923823134,0.007987838449828037,-0.01654655118103348,-0.03299547158868928,0.09288267933314101,0.08040163594763222,-0.028367337788061373,-0.033640240297821554
1756099180.6479812,8,0.006714740746238694,0.0029558974452300124,1.370570476800168,0.9995473487858656,0.012245946283690157,-0.027383229387169836,0.002300670140121882,-0.01011989123682823,0.004796606773130872,0.2672624685979669,-0.15313629434466292,-0.038939385903513125,-0.11332462856283743,0.02104611712903109,-0.04976629272319284,-0.070210283924399,0.23973572066724663,0.31011158495367674,-0.00020160411327189157,-0.019934271286047894,-0.05401643941333663,0.14415098491439163,0.10298320087542774,-0.031660851111891604,-0.04490922540346134
1756099180.75793,9,0.00910410119702055,0.003802982253239143,1.361389018245236,0.9990647103468145,0.0171926764472229,-0.039525701690944715,0.0034402502895854578,-0.014451194040821546,0.005957779395682342,0.2892668296502683,-0.14875024839926093,-0.055093268775907506,-0.13187392976348353,0.038944658378113665,-0.06216020425006355,-0.08567184736553021,0.33055392017532165,0.39154752596583053,-0.004081300169722799,-0.02302939970446327,-0.0848786084217586,0.19661970447972715,0.12474453111615669,-0.03802723073958406,-0.05463387583855109
1756099180.867761,10,0.01149339862985547,0.00441122812747773,1.3506651475934346,0.9984187465752135,0.02140601747993702,-0.05171332297094844,0.005246058532899351,-0.01871105656330495,0.0066175818577489005,0.2980292391696661,-0.13013580565193303,-0.07254021376133174,-0.1494694911743176,0.053628563549071126,-0.07577603262959223,-0.09721380720914988,0.43136354582652914,0.47514009793599055,-0.007485537035498171,-0.023874212866469496,-0.11160461261149626,0.24059580139044004,0.143644592858666,-0.04504146450348077,-0.06287965013969668
1756099180.9771972,11,0.013833338012795956,0.004506272481048436,1.3384167798890845,0.9976652328339431,0.02359251255019054,-0.06361952873805873,0.007748039049356101,-0.023166032147759568,0.007285514903908826,0.2941586339409503,-0.11178023890319662,-0.09200131318355036,-0.16595574689639325,0.07109442886412472,-0.08925709277187747,-0.09980282366436673,0.5401771770866524,0.5621527392659593,-0.01171984311744654,-0.025509691666322033,-0.12588149200676374,0.2763149116971167,0.16010175179519073,-0.05345735710568271,-0.06788588632721333
1756099181.086866,12,0.016088398429937863,0.00421603524243061,1.3245486979360162,0.9968565895062729,0.023873444456510275,-0.07482209078057811,0.010423691233286916,-0.02824953422427056,0.007729269770498934,0.28450205882607554,-0.09372014354148299,-0.1204295453059882,-0.16640323943453442,0.0911427299377001,-0.10260488984984846,-0.09537063806678543,0.6532741460708359,0.6557062665995405,-0.01605661374642489,-0.028958215823580415,-0.1279965499005097,0.3059286536221909,0.17640807389440075,-0.06612216915587077,-0.07153855666534374
1756099181.195297,13,0.01811727507054413,0.003654524600629221,1.3089488295475857,0.9960564205175669,0.023411730595143194,-0.08448054054937344,0.01365782869851098,-0.034748116488827696,0.007691052588577442,0.26019545535795296,-0.08218544865238814,-0.15696733695403858,-0.16220254811378068,0.11391299834307204,-0.11657215958141916,-0.08416642040826734,0.7722680789924342,0.760254091935078,-0.022373173232550034,-0.028233246810684978,-0.1255838440253718,0.3223467689347963,0.1912752952054038,-0.07954752022953528,-0.07613626374611794
1756099181.304118,14,0.01973142448439676,0.002995944144930387,1.2924118914957534,0.9954198722250993,0.022322137220181632,-0.09144836407535736,0.016679234911450718,-0.04242454889513602,0.00750848788971832,0.2298436141840111,-0.08151976727900376,-0.19314033925095409,-0.14553230436986858,0.1420094964807594,-0.13190856063339684,-0.05584955559438477,0.8659701015906721,0.8676844670145797,-0.03027380766081673,-0.022349735339758228,-0.12967087051473183,0.34171110251109815,0.20946867071630426,-0.09343093454298854,-0.07895537271659724
1756099181.416527,15,0.020264410515175014,0.0027015320566112005,1.2765097776867338,0.9954724719147331,0.022036585874835903,-0.09059738153515172,0.018467836958515525,-0.05072529357622716,0.007244728871957353,0.19904191863564666,-0.07213855361984156,-0.22895851012490967,-0.11331623743594556,0.16813704062511375,-0.1478501358090118,-0.01823041563685516,0.8869438281916243,0.9653681449001852,-0.04054284175908112,-0.019034850483297693,-0.15067186446830577,0.35614086025253006,0.23319681340797907,-0.1102324877619208,-0.08100238970060668
1756099181.527439,16,0.02027730613860086,0.002679180733299776,1.2599406547348557,0.9958247334950886,0.0232117021848853,-0.08592394246156518,0.02028282901810825,-0.05993752656923266,0.006855058505172991,0.16236478199984214,-0.053665169489759385,-0.265216026494669,-0.07668674402740523,0.19308038563312216,-0.16363455033595006,0.021889386489153822,0.8791203470240696,1.0633364495337527,-0.05127385663749785,-0.020581269353170895,-0.18709611504341925,0.36303998208081223,0.26244083878325564,-0.13086665038076775,-0.0831582729842767
1756099181.637425,17,0.020231328518433934,0.0022426682789957967,1.2421715061364742,0.9962107642480842,0.02252692686098315,-0.08102239872311301,0.022181561432883766,-0.06969947158231378,0.006605948334079041,0.11643960725885588,-0.03314410646141312,-0.30190288043565666,-0.03652814445217763,0.21944900470130488,-0.17926239599666038,0.06989369851017288,0.862127890107633,1.1634266650035372,-0.06325953772244088,-0.02328237137374685,-0.21194485984556033,0.3756245960747312,0.297866517313405,-0.15225818311615116,-0.08634315984401968
1756099181.747327,18,0.020090338545708582,0.0012834871146481517,1.2229113842476125,0.9966295022039511,0.019748092770357183,-0.07578595794395974,0.02441591176168719,-0.08022071780999251,0.0071779138385463966,0.06436421145754002,-0.007007296831203106,-0.3418772559165833,0.0137133843535158,0.245809295040291,-0.194921208261682,0.13606161976210632,0.8442768044271006,1.2626289611418746,-0.07830694638754969,-0.02518738775481168,-0.22886905359176493,0.3823113597947691,0.3315325213625186,-0.17445472216887928,-0.09124566922791888
1756099181.857017,19,0.019964214492675943,0.00025579350994601573,1.201596081818361,0.9969895221046164,0.016465100891754077,-0.0707742648158848,0.027051741274896214,-0.09135784483906663,0.008230671071916053,0.01269160099515989,0.018246154531672734,-0.38509259206615215,0.09240024870941521,0.2746829681239306,-0.21061038551590425,0.2219846898267851,0.8289721719826885,1.361194496784895,-0.09504703776740821,-0.027054374128014227,-0.2541000806248664,0.3847768925497361,0.36337405671009027,-0.2006189988976372,-0.09609836526607668
1756099181.967817,20,0.020134658268262,-0.0009196969723000284,1.178148093091846,0.9971704652843952,0.011988190797506978,-0.06785972077668637,0.030040052297151253,-0.10297301079121764,0.00957397061116145,-0.048937491992122766,0.051671663682401545,-0.42843467030995547,0.19427260159570486,0.3080246044139931,-0.2262510125060463,0.32365929112196423,0.8170014061346444,1.4577068560498236,-0.11435763658145495,-0.028972035409733452,-0.2769400615501943,0.39819368511815134,0.39613400413513294,-0.23253670843225632,-0.10034553146547776
1756099182.077118,21,0.02040160009469708,-0.0016930083971383935,1.153779416963875,0.9972918013952888,0.006193621296237649,-0.06559992149418488,0.0326703569759423,-0.1151540086077648,0.01116275958714829,-0.11664541678367307,0.09505794636107377,-0.47309210394117746,0.3184639275845122,0.3371328823876772,-0.2418419153549218,0.40537622084222524,0.8080907674834316,1.5578866941552652,-0.1315977117647963,-0.031548722027749075,-0.2763113940961178,0.4137559680173661,0.4284909167199472,-0.271455475857828,-0.10606558904967207
1756099182.186209,22,0.020685205098715794,-0.0007527857249210993,1.1292240116398469,0.9973569981269248,0.003187105477805839,-0.06368269288812924,0.03483353660538795,-0.12802680125945862,0.012831353869035205,-0.18547551045110786,0.13767523646314248,-0.5184916384485689,0.4683704016259518,0.36907342317467745,-0.2572781913891092,0.42552467830127566,0.8019194493238944,1.6726269842724688,-0.14436562062691916,-0.035563820763965005,-0.26809365757842474,0.43352458796220217,0.461207432842077,-0.3155617657916788,-0.11412564773528032
1756099182.294677,23,0.020974144177198468,0.001142752013419389,1.1038072581886804,0.9974127119156722,0.0020423063481821457,-0.061797910893432464,0.036670550895942476,-0.14188827523508307,0.014304750904065517,-0.2605290294800683,0.1710038311451629,-0.5634374315003036,0.6286112911925302,0.412088357249088,-0.27256324974571067,0.4210609510282422,0.797648227964349,1.7966570373839341,-0.15699123876090026,-0.039238178589079666,-0.2643371890944563,0.45196750337154024,0.49307983045514353,-0.3654307316747327,-0.1233141737085406
1756099182.404171,24,0.021278240805295338,0.0035940241507270193,1.0775400233290824,0.9974712764785802,0.0010499367528356307,-0.06002902395292805,0.03803244031436032,-0.15666310997846042,0.015391242693008025,-0.33251985089823416,0.2063135418628103,-0.6080879199796894,0.8018535885093301,0.4652761968719244,-0.2876983300818615,0.40844265999286294,0.7946609227227889,1.9214725727669553,-0.17179644152220153,-0.04194646927595255,-0.26080554280348667,0.46734954954955044,0.5237004178884178,-0.4193059368555763,-0.13303265808282352
1756099182.5158982,25,0.021652942413616573,0.006701832914578572,1.0500450694108032,0.9975113176423454,0.0010432144336356352,-0.058694524594197266,0.03905170497863471,-0.17263863508530175,0.016368458797894964,-0.39555986030539636,0.26181347051489456,-0.6536482111664815,0.9879015269517933,0.5287405223659181,-0.3026847839482756,0.39496526021014455,0.7925901066088942,2.0531557886952285,-0.19002156530697076,-0.04471222827583164,-0.2685228985886827,0.4825022841114109,0.5535838116937682,-0.4773076567174981,-0.14390430739483442
1756099182.62712,26,0.022010751543430872,0.009968866852829349,1.0218163798145057,0.9976077180285641,0.0001613452465255006,-0.05668860990995913,0.03956281592643207,-0.1897324546413778,0.017483983729993848,-0.45488707663847217,0.3333246162612891,-0.6999539245952798,1.1813687609007566,0.6034546802305454,-0.3175245229323464,0.3831780811912933,0.7911853950618929,2.190173973148511,-0.21235812869727533,-0.04826542065215025,-0.2710632504460643,0.48792193982010934,0.581166545823606,-0.5423211591715684,-0.15602035930429692
1756099182.737765,27,0.022515913245636763,0.01307196572447622,0.9930871828523845,0.9976922427128686,-0.003118818884398805,-0.054823863324051515,0.03993501983921023,-0.20775589661252072,0.018906680307638535,-0.5126047530682797,0.41613265268842875,-0.7484430552809557,1.385517002927939,0.6871643474819417,-0.3322184556327991,0.3738387995316818,0.7903896781181434,2.332842631991489,-0.23572156771639238,-0.05191198439816752,-0.25519658997731615,0.4900112647396715,0.6075779773767376,-0.6122940913738388,-0.16913366085971931
1756099182.849074,28,0.023320264990931896,0.014456415523936304,0.9643251588572787,0.9977133604602961,-0.011690411817572691,-0.05283764989629194,0.04049157176493909,-0.22662242668225005,0.021309152796317336,-0.5726022824860768,0.5084367294936559,-0.7990847302937183,1.540833592918589,0.7736725269983352,-0.3467668698941226,0.36702557448961204,0.7898507399277479,2.484127946637001,-0.2596984554824672,-0.05545438293188123,-0.1887532006330979,0.48679851162058224,0.6326533201748737,-0.6870503736936115,-0.18401786706068135
1756099182.960246,29,0.02474221142753096,0.012913197084962894,0.9349207143583975,0.9974598059989612,-0.025441528780418173,-0.05211139198303652,0.04136504388272199,-0.246832142563683,0.02470121843870486,-0.6452580721629729,0.6075593151364557,-0.8512241844330998,1.5877843735667658,0.8677653520606723,-0.36117238510273875,0.36212500906112866,0.7895216574282597,2.640024798182482,-0.2837712501539712,-0.05980207848779698,-0.06580801590062418,0.4880035417962222,0.6575994914692433,-0.7688486536246566,-0.20017960903186705
1756099183.0727649,30,0.026081880985993608,0.009890185279679184,0.9051642796548887,0.9968952385473177,-0.03904368041125238,-0.054088738956650693,0.04183159929657696,-0.2690852432361501,0.028730405705690045,-0.7339052939312762,0.7058489765084367,-0.9048379236710651,1.589283187016559,0.9681101633280847,-0.3754357556525289,0.3584469916766149,0.7893881179741805,2.7167030032705135,-0.3093327773785877,-0.06514912153418033,0.06019873683846455,0.5070201180185226,0.6843646682926641,-0.8312891996658763,-0.21707573338068537
1756099183.184503,31,0.02661282872021953,0.0058559026276292,0.8801148511828828,0.9961371438283319,-0.0548695798094184,-0.054815575674681455,0.04117490207060364,-0.2925592052405382,0.033607839406271274,-0.8373891295491175,0.8063924440242599,-0.9610376293633432,1.573669053584467,1.0703840077793703,-0.3895572345447492,0.35574505014765584,0.7892142018259464,2.7296514350364087,-0.33436846081450244,-0.07053279594056994,0.17062581580751424,0.5273781953694003,0.7214426939851779,-0.8467034228133806,-0.23650962465351777
1756099183.2956831,32,0.026252403467885786,0.0012133559100093794,0.8656369714635666,0.9949807175622827,-0.07509078929318123,-0.05268843902398608,0.03998341450885792,-0.31632991073849326,0.0394373593196276,-0.94044577942505,0.9132833358582466,-1.0197882510970229,1.554129955549322,1.16668456253938,-0.40353688381233455,0.3530290658519157,0.7888390378910427,2.717089426755807,-0.3563102770150602,-0.07429033026209964,0.25791697555034016,0.5480269900228018,0.7817161368611077,-0.8434136607405336,-0.2597998091489821
1756099183.401778,33,0.02550086688170765,-0.0034168280980855863,0.8555306155603709,0.993392907255522,-0.09565573161175706,-0.0497393311221192,0.03932571377311738,-0.34097143705498173,0.04591964681488267,-1.0371764621173007,1.0277293861151906,-1.0817450254378134,1.5361302499856044,1.2610532445287699,-0.41737735306693075,0.3511928889665478,0.7884883819587453,2.69708873767393,-0.37852672031142537,-0.07832368798037834,0.33463725925662574,0.5697662606305918,0.8536246134852264,-0.8334750577806295,-0.2852652377070051
1756099183.509726,34,0.024555133702751284,-0.007991009900147976,0.8473583263374788,0.9919132291639364,-0.11117386713121673,-0.04700591894001558,0.03922958910397763,-0.36659899855961714,0.052641238706750554,-1.1427620422923301,1.121173026215874,-1.1475433348054416,1.5197096165336486,1.3603236938605454,-0.43108134294841305,0.35073013452457663,0.7882736729927396,2.677447488036631,-0.4008309494298971,-0.08355978081538581,0.3899534969922652,0.5940423779207803,0.9333133792851738,-0.8225505748808217,-0.30971868928496055
1756099183.6185951,35,0.02355243546295398,-0.01197868569152361,0.8410330155965198,0.9914844058641649,-0.11519535904987384,-0.04579380983053961,0.03989522731804832,-0.3926703669921598,0.05974593848660009,-1.2530712629112644,1.143422459032766,-1.2146237145452963,1.5067332489015681,1.465505128962884,-0.4446502668012337,0.3507130130084126,0.7881419360255028,2.659914336513007,-0.42276637320733496,-0.09000708347671876,0.4033449497144782,0.6300506748498792,1.0218984076150195,-0.8129364792399048,-0.3307268717188468
1756099183.7248662,36,0.022767707830823863,-0.015557596942911367,0.8344868186867729,0.9914453919501763,-0.11518109867326551,-0.04661057525405965,0.03996002457039074,-0.4194583364284119,0.06783810129723807,-1.3641449655251456,1.13733049659642,-1.2866118749640316,1.4988067446826128,1.5479323311384476,-0.4580787372721073,0.35103452416268754,0.7881070880995719,2.645915009393653,-0.4442383712702654,-0.09887617851386903,0.40031764537544373,0.6835751585702696,1.1144095923179678,-0.8052264039001031,-0.35149343814497463
1756099183.833684,37,0.022048694845798036,-0.01903322813658506,0.8268322194208302,0.9914562275130755,-0.11460008909086333,-0.04804176257872331,0.03966557139682213,-0.4472938317205823,0.0765085282456209,-1.4825332166254634,1.1214434405187321,-1.363512379012284,1.494038286174736,1.5673909754722526,-0.4713596975245805,0.35126851945060233,0.788107651979724,2.6346999364271997,-0.4650149613262023,-0.11049941268594979,0.3921335966095954,0.743199841994615,1.2063492844480892,-0.7994754613278446,-0.37218126851525407
1756099183.942374,38,0.02131187834477888,-0.022012603146065384,0.8179576684237165,0.991402356319616,-0.11446902992574085,-0.049839581852150074,0.03916918626389627,-0.47570343470504617,0.08521633139163494,-1.5712773755774743,1.1041162012750305,-1.4452423525880191,1.4911184574762728,1.5619923865083705,-0.4845030234443015,0.35146253493677154,0.7881733080365683,2.626535965207795,-0.4844005658391575,-0.12528330277335642,0.3829594340767261,0.806622567266443,1.2974056068783204,-0.7953896800152077,-0.393464773080202
1756099184.051051,39,0.01996608120549647,-0.024171158623803077,0.8084332042420488,0.9912934056619167,-0.11558375562316649,-0.048333537605229994,0.040517261380882894,-0.5046626875339937,0.09395769442833668,-1.5895687093771047,1.0772844734503733,-1.5336112194085383,1.4891383164511138,1.547617020314853,-0.49751474215769587,0.3516310055212245,0.7882747537041055,2.6224343757915154,-0.5045157824740717,-0.14301873040904292,0.3747881362548275,0.8380358263532316,1.3844431550142873,-0.7925975199411222,-0.41632347075035897
1756099184.159172,40,0.018125849503274602,-0.026090849863556715,0.7983807704999447,0.9911661501964579,-0.11733528801958913,-0.04401832892250104,0.04341059328048114,-0.5349327428096755,0.10259568596214962,-1.5800998326162727,1.03667432364095,-1.6252025898553197,1.4880831678627635,1.5316379959017532,-0.5103975858706125,0.3516188285982123,0.7884590439750891,2.6193678269905902,-0.5260430358315069,-0.1630485193927756,0.36825786215098816,0.8403877838026017,1.4680959937929998,-0.7906621623634507,-0.44039521095968037
1756099184.26791,1,-5.074380485013298e-05,-0.00020061391642364244,1.399538238351014,0.9999994410610249,-0.0010023439598542032,0.00033097029210455467,6.0356356467102624e-05,-0.000228488379992465,3.5289058080766816e-06,0.002243040438043565,-0.0038010945515840507,-0.004548015754445069,5.656870621158374e-05,0.0054513721070157,-0.0058328439997170555,0.0030616973609460885,-0.0002653717825001682,0.0002539139862994171,0.0015087584073575741,0.0006773064262366146,0.006354176297832081,-0.0026330253899607974,-0.0002864683769832585,-0.002356872976351472,-0.0021392765314291497
1756099184.376718,2,0.0001496976472580241,-0.0007843331901536855,1.3980478051406056,0.9999915733346009,-0.004031984089170696,-0.0006844959112618795,0.00035753243450653143,-0.0016232134858954852,0.0008273651474689379,0.004561019131896136,-0.006173315825187938,-0.01448592261008549,0.009291959121157772,0.015735440874219728,-0.01742023446062447,0.01579841146671985,0.011640817021596273,0.009041653393102062,0.005011964146910402,0.0012546118899139191,0.02173880187385567,-0.0027282855593651436,-0.0005477481950365905,-0.007800255762704459,-0.0058671195622628
1756099184.484745,3,0.0005241431492796338,-0.0016571566329415869,1.3953131904768135,0.999960034160195,-0.008500907715626876,-0.0022212257456676876,0.001652515215953208,-0.00446696798511238,0.0028560868564726184,-0.003987311745385223,-0.0005668181631452306,-0.02628828083250897,0.03459636702796663,0.027375402361010603,-0.028892436052601948,0.038303177590304806,0.04255227711861763,0.03255200115012431,0.008636167628374467,-0.00016765742012589462,0.040824934492744984,-0.01225580310213178,-0.0007401690538196968,-0.015826478394029696,-0.008462734518259681
1756099184.593042,4,0.0010480585501408467,-0.0027028553489938756,1.3911763494183154,0.9998822100939176,-0.014216084561550178,-0.004119491729766811,0.004061854912466265,-0.008986779151154652,0.0057082052175177166,-0.017678210498340775,-0.0014210206467386672,-0.03903106965569319,0.08083497325515411,0.039795802906367736,-0.040250565604346415,0.07113926995172132,0.09242656339067239,0.07031891689075814,0.010928726860551387,-0.0016269133143349214,0.060534517258432834,-0.0328811574791324,-0.0008308686529996157,-0.02632470026264562,-0.011189736381213435
1756099184.701205,5,0.0018500069411020385,-0.004133663876491963,1.3853426520008818,0.9996937458431024,-0.02249453216932157,-0.007134290019607613,0.007450667794639687,-0.015534636886652362,0.008725695763081163,-0.03087632657469052,-0.008614070018102144,-0.05239924984966245,0.1508318240097049,0.04235220295610909,-0.05149318715003277,0.12111540894686022,0.16421080187335751,0.1252515345158067,0.01426081217300498,-0.0022223238881231957,0.08662460422190932,-0.06034706754047974,-0.0008611675970579967,-0.03954303903352268,-0.014205822417908572
1756099184.808811,6,0.003149552061279414,-0.005833147704739812,1.3775471485459594,0.9993099932180282,-0.03293710707481691,-0.012980756107947269,0.011233183119345133,-0.02373032872261802,0.011545792368500648,-0.040647108680039824,-6.353068868125786e-05,-0.06882145730884649,0.24167402724373194,0.03405813378887435,-0.06262055896251795,0.18541440403996734,0.25922496129768885,0.19206426389591677,0.018607556397327377,-0.003104723300426198,0.11954091719096757,-0.08241269091600428,0.000861861344215432,-0.058431926912240986,-0.01716646206699455
1756099184.917147,7,0.005173077244538673,-0.007297882218239814,1.3675834574623316,0.9986584868613605,-0.043565466334780006,-0.023700443221211544,0.014885084948677152,-0.0338262206596678,0.014938534377965433,-0.04795687834767655,0.01839709000401195,-0.08750553602475589,0.35654731031030273,0.02562281351113329,-0.07363537386399613,0.25737830658841976,0.38025179370868817,0.26325878971126093,0.020506411282127244,-0.004663115837861689,0.14973591916849585,-0.0864654802689337,0.0036030145370977438,-0.08232793854749855,-0.020745751662464652
1756099185.0244238,8,0.007552687667750557,-0.00799963510856972,1.3549857252534054,0.997769969802118,-0.05187313806303634,-0.03742353418512042,0.019072073764247025,-0.04632808515027205,0.018667754941638987,-0.06589019963798448,0.03592721937422271,-0.10923243910110993,0.4909570402524973,0.026343177068019242,-0.08454184345920317,0.3330607098315549,0.5260074566114944,0.3394006677666622,0.020933101159799582,-0.00645845553521884,0.1627850493652308,-0.08776332103497295,0.00448359102538588,-0.1128966744448561,-0.025223647701302542
1756099185.12966,9,0.010054613223513266,-0.00787790631157827,1.339490916202207,0.9967116152588008,-0.059182072676427167,-0.05188025908414304,0.019284112613148392,-0.06108271651313897,0.021963411515881475,-0.09970242221563995,0.058862629479319147,-0.13416470833601998,0.6484386631633909,0.033425006479914574,-0.09534059309910005,0.39194509855625387,0.694998700211516,0.4256873606058176,0.018520395657696368,-0.00909793616624701,0.18790242513004957,-0.09600828178969492,0.002123088565699303,-0.15193411003963295,-0.031064396282125827
1756099185.234705,10,0.011974874107150136,-0.006959218554821273,1.3224332851708753,0.9958203497863495,-0.06571183277487529,-0.06206905061708921,0.013085065542545788,-0.0783615571609053,0.025568203471435236,-0.1406623922287916,0.08473213307966149,-0.15986854329696157,0.8168028972790842,0.04560927989015427,-0.10603342011857071,0.40640869855918554,0.8531410239934758,0.5207934308629284,0.012680994590249425,-0.013453591781793924,0.23873922718461985,-0.1146711565288047,0.00037966488541622904,-0.19626354385798803,-0.038042906102737584
1756099185.3448331,11,0.012484924775972472,-0.006233569500537783,1.3072332399314741,0.9953814551541649,-0.07267861811032096,-0.06233766436401781,0.0068987539737686,-0.09816683729760114,0.02964128790046527,-0.18187152831973036,0.12167880258082797,-0.1905029792250278,0.9773438901974814,0.07039795273640718,-0.11662569028970225,0.40333089598759453,0.925863355314034,0.6174233246859456,0.0073544683381832525,-0.01820899044451154,0.29405905980884334,-0.13437789128239278,0.007456096700113765,-0.24649040564111788,-0.045616557795893874
1756099185.462204,12,0.011979255242073425,-0.004989279199773339,1.294080497423216,0.9954687930283975,-0.07671011238458358,-0.056008916479869865,0.0045212873477704935,-0.11995597572911407,0.033506535694004094,-0.2264452357654336,0.17744939422071662,-0.22519058968786532,1.1412917399013396,0.10977501161990276,-0.12711845754285617,0.39414939884444283,0.9321121546152635,0.7215873163285459,0.004606830671469663,-0.02421711619031583,0.320508464072383,-0.15120006218097598,0.021274001020575292,-0.3035648181882867,-0.052959211568392506
